,ID,Type,Name,Documentation,Source,Target
0,6bccd8a6-b424-47d1-9317-cf400e57e66e,AccessRelationship,,,a8d0f1a2-9d8e-4200-b600-a0a7c5c192ea,b93bc54f-36aa-4504-ab86-c5538ec6b7f6
1,613d1a58-d859-4d5d-90fc-4763858d223c,AccessRelationship,,,a8d0f1a2-9d8e-4200-b600-a0a7c5c192ea,11859cd4-3011-46c6-9dc9-ad82e665f44e
2,4226b108-3478-486d-af93-f95ccf178803,AccessRelationship,,,20b50f03-4206-46a1-803f-b0216b5d88fc,11859cd4-3011-46c6-9dc9-ad82e665f44e
3,707c8d4d-d8b9-488c-b370-db4e8a0853e7,AccessRelationship,,,20b50f03-4206-46a1-803f-b0216b5d88fc,8e770f1d-f42d-4dea-b1b1-e111e6448003
4,889a9801-e525-44fa-9d72-2b40f1572969,AccessRelationship,,,20b50f03-4206-46a1-803f-b0216b5d88fc,6b7603c6-60a5-427a-9a64-3418e2204fc6
5,36c731ff-f695-4f6d-9d46-0028f1413dc2,AccessRelationship,,,5d8a29e7-1400-46d2-8ca3-fa2cdd0fc60f,6b7603c6-60a5-427a-9a64-3418e2204fc6
6,87122e6b-bb54-4fcb-8d98-2a7b7f216175,AccessRelationship,,,0b57d3ac-592d-4d51-b826-6c6918e26456,8f927dd2-54b1-4c76-8500-3e4bd8aadf28
7,161bc66d-1476-43fd-9053-7087c661098a,AccessRelationship,,,5d8b0d4f-21cc-4220-85e5-f7de370e1d3c,8f927dd2-54b1-4c76-8500-3e4bd8aadf28
8,3ed21d86-639b-4628-8a4c-e95f9cb7059e,AccessRelationship,,,1450d511-398f-450d-a623-545e186f51b3,8f927dd2-54b1-4c76-8500-3e4bd8aadf28
9,ada6f406-9d17-47cb-840b-b5963727e76e,AccessRelationship,,,649563eb-01d9-4331-81a5-acadf35558d7,8f927dd2-54b1-4c76-8500-3e4bd8aadf28
10,03c80ed0-a5b5-4df2-b908-16cce082c549,AccessRelationship,,,649563eb-01d9-4331-81a5-acadf35558d7,f763828e-8f54-4544-a4a2-0bb233cbfe63
11,8905a853-d9e6-4261-b28e-1febf44aac33,AccessRelationship,,,a0b2ae90-cfe6-447f-bb54-324d520f0547,8d7594f0-e2e8-47bf-af0e-d529b9cf0442
12,89deb1ce-987d-415c-93c2-1515caccfc79,AccessRelationship,,,20c85b38-1a8d-4bc9-85c3-6e532a4aaac9,427f330e-0586-483d-8a59-988cc3055472
13,5649e07b-0c6d-44e1-b1b1-825d85903c47,AccessRelationship,,,20c85b38-1a8d-4bc9-85c3-6e532a4aaac9,600be3c9-d92c-4bab-8f2d-b2b5760be042
14,2bff9ceb-3db4-4004-a0cb-436b32b857b6,AccessRelationship,,,f7935e8e-a939-4e29-a3e6-3ca0b5fb7d03,cb7d8bd3-da19-4993-bc4e-ccf652d7aa28
15,93645ee8-1d9c-4229-a0f2-224495cfeaf1,AccessRelationship,,,f7935e8e-a939-4e29-a3e6-3ca0b5fb7d03,d15c37c0-f7f2-44a3-8529-de68e2efce23
16,0d0c21a8-4eee-4926-99be-7b4e3d0987e1,AccessRelationship,,,20c85b38-1a8d-4bc9-85c3-6e532a4aaac9,92f81477-4e3e-4780-8038-a328143b7f9b
17,beb6b2c5-43c6-460d-8afe-93ad7fa66a72,AccessRelationship,,,8632c78e-a803-4f3f-a6fe-47993dda1633,b04ceea0-6a4a-455b-9d4b-9640a5781100
18,09b937b1-0f5d-49b2-8601-1f3a9fd004e7,AccessRelationship,,,e2c4baec-685f-46ef-9ea8-bae855a85803,46fbbabd-6fbd-4ce4-bb6e-55f9c9066174
19,f1ae656b-afdc-445b-9b10-a89ac9d6a8a0,AccessRelationship,,,f7935e8e-a939-4e29-a3e6-3ca0b5fb7d03,86329c09-42ba-49f6-abb0-489d6b5bb5b6
20,8d9331e8-94f8-4335-afac-2270196219ae,AccessRelationship,,,3cfec830-b22b-4fe0-9338-5d1ec3666c72,8f927dd2-54b1-4c76-8500-3e4bd8aadf28
21,7a6b589b-463c-45a0-a845-a16ae05886bc,AccessRelationship,,,3cfec830-b22b-4fe0-9338-5d1ec3666c72,f763828e-8f54-4544-a4a2-0bb233cbfe63
22,7ee98615-1bb6-429d-b4cb-06883d0533ef,AccessRelationship,,,ef469ccf-b7ea-4527-a11b-afdc67c78f3f,8f927dd2-54b1-4c76-8500-3e4bd8aadf28
23,095f7f4b-afbb-4194-bdf4-99586d2d2cd5,AccessRelationship,,,b00a5d10-3413-4123-80cf-b5b22dc27d5b,e17e53b2-6fea-476b-b19d-253f82274b9d
24,78e37100-cf88-4e0e-a431-99e0717f7659,AccessRelationship,,,7fdb1621-351a-442c-8b6f-5df2721254b7,e17e53b2-6fea-476b-b19d-253f82274b9d
25,74756d50-f9e5-4697-8333-bfe1c038a20f,AccessRelationship,,,df6bdf86-6a91-41d5-9361-8d9797becd90,8e770f1d-f42d-4dea-b1b1-e111e6448003
26,f3691ddc-19aa-42c3-9e75-d727f97ca81b,AccessRelationship,,,df6bdf86-6a91-41d5-9361-8d9797becd90,92969b96-47c6-4a52-851c-ad9e0142ebad
27,0053de69-e00b-4043-accc-197dd55a6ac6,AccessRelationship,,,4068489a-01e7-41b2-adb4-f72025ec1426,8e770f1d-f42d-4dea-b1b1-e111e6448003
28,ddcc7560-b497-4c6c-baff-2e7fd2bf2316,AccessRelationship,,,ed40cba8-2897-423c-90d4-8d437b7c8205,e17e53b2-6fea-476b-b19d-253f82274b9d
29,6634fadf-38fd-41a0-aa36-c743514d174c,AccessRelationship,,,a3485b2d-86e2-4fa1-8d8b-4140131b737d,e17e53b2-6fea-476b-b19d-253f82274b9d
30,48fc3e6b-c4f4-4d22-9790-ba0cb7bf9925,AccessRelationship,,,32ee0dd2-9367-4a6a-b532-143c8331670c,e17e53b2-6fea-476b-b19d-253f82274b9d
31,84654ee6-6c3b-4297-8eed-309e770579e6,AccessRelationship,,,212dfcac-1e29-47a4-9041-2ce613b2f88f,01edaf63-bed1-4de6-9e3d-2feb442f4884
32,9e3dd8f2-03e3-4e8d-921b-f8275e78f2eb,AccessRelationship,,,b2cadc80-8fbe-4aca-93c4-3258ce9092ba,01edaf63-bed1-4de6-9e3d-2feb442f4884
33,fdd78ff4-37ca-4230-bd32-971a94ab011a,AccessRelationship,,,b0fca066-784f-440d-94dd-c1fa52266fea,427f330e-0586-483d-8a59-988cc3055472
34,ffb0de33-7d62-402b-b6b9-b4c25413c04d,AccessRelationship,,,b0fca066-784f-440d-94dd-c1fa52266fea,600be3c9-d92c-4bab-8f2d-b2b5760be042
35,1b6a6d33-ee9e-40fe-a0a9-a4e20bc8b587,AccessRelationship,,,b0fca066-784f-440d-94dd-c1fa52266fea,561512b4-9689-4ee2-a573-7e86da851de6
36,93d9900f-32f0-441f-bf82-9e354b6f240c,AccessRelationship,,,b0fca066-784f-440d-94dd-c1fa52266fea,59f6323a-0caf-4817-b82e-0d5f8dcfa376
37,5d678429-b16f-4c51-be41-9ad183680ca3,AccessRelationship,,,b0fca066-784f-440d-94dd-c1fa52266fea,eeb69f2c-b88c-4b5c-8236-11bae1b34907
38,303de092-5dee-4b9f-94a1-5f719570e913,AccessRelationship,,,b0fca066-784f-440d-94dd-c1fa52266fea,3e37f0e6-fb93-4f3d-b3a0-bcf7727522d5
39,3e10396e-9c01-442b-a8fb-44374597a395,AccessRelationship,,,9802f416-ee76-4f64-af80-0dd089be11a5,59f6323a-0caf-4817-b82e-0d5f8dcfa376
40,25c7a908-b557-4692-9a33-7c79973ab900,AccessRelationship,,,9802f416-ee76-4f64-af80-0dd089be11a5,eeb69f2c-b88c-4b5c-8236-11bae1b34907
41,750c0707-e6b9-4342-b953-0c10c8a9a0bd,AccessRelationship,,,82eafd5d-49e8-426d-ab50-c0eca92a3c1c,59f6323a-0caf-4817-b82e-0d5f8dcfa376
42,1e2c352b-d31c-456c-88bc-d29adb7b1d5b,AccessRelationship,,,82eafd5d-49e8-426d-ab50-c0eca92a3c1c,eeb69f2c-b88c-4b5c-8236-11bae1b34907
43,505ef075-b3e9-4a25-ab23-66ac51d83f13,AccessRelationship,,,e4150a13-f3f5-4ba9-9812-6a4196f970c8,59f6323a-0caf-4817-b82e-0d5f8dcfa376
44,fbc4fee7-1185-466b-92df-f553ef93ea29,AccessRelationship,,,e4150a13-f3f5-4ba9-9812-6a4196f970c8,eeb69f2c-b88c-4b5c-8236-11bae1b34907
45,a0da2865-4065-4751-b687-9eafc96ba4c3,AccessRelationship,,,2f29d7c2-4042-453d-8dc8-b868eb814f93,59f6323a-0caf-4817-b82e-0d5f8dcfa376
46,98cdb6e3-9fe8-454e-bdc1-96c42ef281f5,AccessRelationship,,,2f29d7c2-4042-453d-8dc8-b868eb814f93,eeb69f2c-b88c-4b5c-8236-11bae1b34907
47,3eb57367-54fa-4d66-9d6b-96f3646405ed,AccessRelationship,,,2f29d7c2-4042-453d-8dc8-b868eb814f93,549372b5-500f-4e78-af75-7dbc230efa59
48,1130290a-0310-4761-98dc-fa0382bad99a,AccessRelationship,,,aea1da8f-4a43-4d23-b33a-5e07fc32d5f1,eeb69f2c-b88c-4b5c-8236-11bae1b34907
49,21994e90-1a4d-4945-8727-6b00337cafcd,AccessRelationship,,,aea1da8f-4a43-4d23-b33a-5e07fc32d5f1,59f6323a-0caf-4817-b82e-0d5f8dcfa376
50,5823bc39-91b0-409b-9851-299c0847ec6a,AccessRelationship,,,135b8ed5-7dbe-459a-b75a-add2fe9b4512,eeb69f2c-b88c-4b5c-8236-11bae1b34907
51,b77baf36-62c3-4a56-8c51-e925c91ccb06,AccessRelationship,,,135b8ed5-7dbe-459a-b75a-add2fe9b4512,59f6323a-0caf-4817-b82e-0d5f8dcfa376
52,8f571459-7593-4fe3-950d-d6d363d88818,AccessRelationship,,,202ef0ec-9f61-4b89-940a-15e430e3952c,59f6323a-0caf-4817-b82e-0d5f8dcfa376
53,c167c35d-6774-4a68-a38d-a2f50a9f2d47,AccessRelationship,,,202ef0ec-9f61-4b89-940a-15e430e3952c,eeb69f2c-b88c-4b5c-8236-11bae1b34907
54,37040bcb-9b62-4594-abeb-415cacc20a4f,AccessRelationship,,,d115d6d0-fcb6-4943-b64b-fe37a2641bea,eeb69f2c-b88c-4b5c-8236-11bae1b34907
55,2814cfe6-6742-4c49-a02b-71cdc865d6e2,AccessRelationship,,,d115d6d0-fcb6-4943-b64b-fe37a2641bea,59f6323a-0caf-4817-b82e-0d5f8dcfa376
56,72bb0fbb-c385-47d3-8168-4300e23c4909,AccessRelationship,,,d115d6d0-fcb6-4943-b64b-fe37a2641bea,549372b5-500f-4e78-af75-7dbc230efa59
57,21ad4b95-5b5a-4eb8-b838-70a1f41aea85,AccessRelationship,,,94615c32-8687-4e54-9865-165a7368bd0f,59f6323a-0caf-4817-b82e-0d5f8dcfa376
58,6cbb0264-0d48-4cd1-9a7a-9bbe1a95f12a,AccessRelationship,,,94615c32-8687-4e54-9865-165a7368bd0f,eeb69f2c-b88c-4b5c-8236-11bae1b34907
59,0b85ad16-485d-4291-8472-3fd83430b0ee,AccessRelationship,,,6fbbda4e-c38b-4f5a-abf4-bd4899169bc6,561512b4-9689-4ee2-a573-7e86da851de6
60,1f11849d-9dc6-4e66-8f30-ad4d4379da70,AccessRelationship,,,6fbbda4e-c38b-4f5a-abf4-bd4899169bc6,59f6323a-0caf-4817-b82e-0d5f8dcfa376
61,19476fc7-56e3-47cc-b21b-1c3c4558a107,AccessRelationship,,,6fbbda4e-c38b-4f5a-abf4-bd4899169bc6,eeb69f2c-b88c-4b5c-8236-11bae1b34907
62,7f329010-0d06-4b94-a303-fbea6cf4e2bd,AccessRelationship,,,6fbbda4e-c38b-4f5a-abf4-bd4899169bc6,3e37f0e6-fb93-4f3d-b3a0-bcf7727522d5
63,fdee86dd-aa63-4adf-bd23-d0324ff7994a,AccessRelationship,,,90aa0ebf-8cba-44f5-a0f5-2db23f692d5f,daf18839-ecf8-4e3d-ae7f-6dc22064c33d
64,9d9286cd-6e43-4b48-9d8b-ca844eea150e,AccessRelationship,,,90aa0ebf-8cba-44f5-a0f5-2db23f692d5f,59f6323a-0caf-4817-b82e-0d5f8dcfa376
65,22cbfa4a-5a5c-49b5-b546-54e87d086cef,AccessRelationship,,,2c7c0ec9-8bbd-4c44-9ec6-9ae8a8425833,daf18839-ecf8-4e3d-ae7f-6dc22064c33d
66,7585130d-389f-4e4e-bf6f-30736d9181a8,AccessRelationship,,,2c7c0ec9-8bbd-4c44-9ec6-9ae8a8425833,59f6323a-0caf-4817-b82e-0d5f8dcfa376
67,7b707de2-31b2-4690-99b5-a3c94a86b41b,AccessRelationship,,,ecccfe84-f358-4eb7-8105-2f6bb0cbf4b4,cb7d8bd3-da19-4993-bc4e-ccf652d7aa28
68,733e8819-bce0-47ed-a1ea-f762b731fd15,AccessRelationship,,,b5e3f362-a2ea-4d9e-828e-54c78e3c8566,e720f232-c504-45e6-b4c1-31adda8522b9
69,4b2d7df9-5538-41e5-92aa-df8b536db2e2,AccessRelationship,,,3eae2fed-c3d5-4669-a129-ddb0aa8387dc,58eea90e-73ba-44d5-af9f-c800943d9b16
70,ef55c54a-c9b9-4e26-ac87-8515d6a8f552,AccessRelationship,,,b5e3f362-a2ea-4d9e-828e-54c78e3c8566,f99a99be-fefc-4cda-8614-2df5cdf55f5c
71,c40a88d4-57d7-4664-b8ff-a61c45240544,AccessRelationship,,,b5e3f362-a2ea-4d9e-828e-54c78e3c8566,b93bc54f-36aa-4504-ab86-c5538ec6b7f6
72,062857ad-8d89-413f-9323-d22512753c4e,AccessRelationship,,,b5e3f362-a2ea-4d9e-828e-54c78e3c8566,11859cd4-3011-46c6-9dc9-ad82e665f44e
73,63240207-6a2c-4dd9-a83e-2cb9760abf1a,AccessRelationship,,,b5e3f362-a2ea-4d9e-828e-54c78e3c8566,58eea90e-73ba-44d5-af9f-c800943d9b16
74,a9b8ed71-4449-47b6-9b52-86e909ddb266,AccessRelationship,,,3eae2fed-c3d5-4669-a129-ddb0aa8387dc,e720f232-c504-45e6-b4c1-31adda8522b9
75,c5213b5a-942b-4923-954c-dd28d3f93e63,AccessRelationship,,,3eae2fed-c3d5-4669-a129-ddb0aa8387dc,f99a99be-fefc-4cda-8614-2df5cdf55f5c
76,33239568-d78f-4345-8e23-9186556fc84f,AccessRelationship,,,3eae2fed-c3d5-4669-a129-ddb0aa8387dc,b93bc54f-36aa-4504-ab86-c5538ec6b7f6
77,617ab758-fbd1-4079-b0f6-f8269d1a62bf,AccessRelationship,,,3eae2fed-c3d5-4669-a129-ddb0aa8387dc,11859cd4-3011-46c6-9dc9-ad82e665f44e
78,c11fd6ae-6269-4e12-8640-45028eb80e31,AssignmentRelationship,,,f676a97a-afff-4329-bd24-2d92cae6dc15,20b50f03-4206-46a1-803f-b0216b5d88fc
79,20e57b9d-7fe6-40f1-abd6-107dc497a6ae,AssignmentRelationship,,,05b0119c-55a5-4004-a64f-a2ca47d9fe4d,844511d1-7959-11e7-9d25-6c400893992c
80,f5e867a5-7422-458e-8634-4eab74e7eb15,AssignmentRelationship,,,f676a97a-afff-4329-bd24-2d92cae6dc15,5d8a29e7-1400-46d2-8ca3-fa2cdd0fc60f
81,e58d2647-c9f0-477a-959b-88ca52c593e6,AssignmentRelationship,,,68f1f643-3022-4e41-8fbf-f029912ae57d,0b57d3ac-592d-4d51-b826-6c6918e26456
82,0e5bf948-2b91-403c-8c27-633812ece66c,AssignmentRelationship,,,8a9199dc-ce6c-4e91-ab42-cdc8df91a8b0,5d8b0d4f-21cc-4220-85e5-f7de370e1d3c
83,e88c7647-04b2-446a-b25d-bd1d2dbc222e,AssignmentRelationship,,,063ce9ba-1278-4d75-b220-0411b5b885af,1450d511-398f-450d-a623-545e186f51b3
84,1aeded02-af97-45d5-891a-af8b51aa0497,AssignmentRelationship,,,15a046e1-6f30-45df-a6c3-46931c42f40d,85321156-addb-41f7-bb8d-1a2efce477f0
85,c4d77ae2-46f4-4860-b2e4-43968605a4b4,AssignmentRelationship,,,81e2fe63-2b0f-4e7c-8c77-7d55ba21e866,2b866215-ea92-47b0-aef9-32ca6e6d0744
86,1fdde734-cd0e-4bd8-882d-4ca4366790e9,AssignmentRelationship,,,7189dcbf-38ab-4227-9869-564e4b03e88c,9e87fe0e-1f50-4dad-b2b4-a8a0381125a5
87,fad8f25e-0dac-4a2b-a972-d3fdd0861453,AssignmentRelationship,,,e9903810-361f-42fb-a1bd-f196f2ff25f3,2fd01473-2fcd-4aca-98db-676d8af6764a
88,fc9be1e8-6661-4917-9962-3a21199fe829,AssignmentRelationship,,,e9903810-361f-42fb-a1bd-f196f2ff25f3,da8f1673-ec05-4735-b8f3-5cca7cbf289b
89,78167a38-0f7f-44d7-9de1-1a7bb7a60f97,AssignmentRelationship,,,98480c10-43b9-4c02-9afd-89aa18be0775,ca7a5b97-8e1f-4fda-9c66-ac822925f06c
90,778c7ec8-5023-477f-a138-08c4086300b6,AssignmentRelationship,,,715752e8-d04f-43e0-ad95-acf007a56441,2b866215-ea92-47b0-aef9-32ca6e6d0744
91,ff2f83d5-ce04-4921-b0cf-c96e58296943,AssignmentRelationship,,,3090c4e4-6129-4350-927c-017a60e0f165,844524e1-7959-11e7-97d7-6c400893992c
92,6d36bd7c-94fa-4c27-b1eb-d1ab4ce06c7f,AssignmentRelationship,,,7abc4fe7-c442-49ef-890c-31e3ed545153,7abf8a99-7910-4021-9ff4-56ccee7a6a75
93,bc87424a-b175-427e-a838-6303903760f8,AssignmentRelationship,,,7abc4fe7-c442-49ef-890c-31e3ed545153,b992135f-6c24-4b1a-8f77-840e3219ab97
94,6ca033a3-8a6d-4346-945a-37deda3cae1f,AssignmentRelationship,,,7abc4fe7-c442-49ef-890c-31e3ed545153,a0b2ae90-cfe6-447f-bb54-324d520f0547
95,a6687a5e-3644-4b9a-968a-98a32edc63ab,AssignmentRelationship,,,9298561a-4ae6-4f37-b73d-d0580df62449,3b2cdd12-166d-4a8e-b060-1370bdbd4a81
96,1c1d1c79-3763-482c-a336-b6335466cca5,AssignmentRelationship,,,63d76f4f-4b80-4d88-a1e0-9e85283186fe,022902fe-ed19-43fe-bbcf-d9a0e9baa274
97,a68713c2-6d9f-4674-b494-aae1cfe042e5,AssignmentRelationship,,,69a9a7a4-cb23-4efd-94b9-f17205bcc539,6e3017bd-3529-47e4-967b-2c05a3690c0d
98,1e8422ee-4189-4769-bb15-8428d65e806d,AssignmentRelationship,,,00363138-1ae4-41cb-98fe-ac405c2270eb,e564f5d6-4dc4-4102-95ba-b724a6849b79
99,64bb994a-4b63-4225-b29f-e05ae07abe22,AssignmentRelationship,,,b5a8052b-273d-4921-8029-d39b9aedae31,8a4237ac-243b-45a8-97c6-6a464239621b
100,819e45d7-36f9-471e-a341-54942710796a,AssignmentRelationship,,,6ec2f9b6-03d8-4e34-8cdd-23c4ffa6cba5,42ff1752-1a1f-40fc-bb61-f318dbc2424e
101,f3cb626e-b586-45c0-b90b-a1f226031286,AssignmentRelationship,,,a8d0f1a2-9d8e-4200-b600-a0a7c5c192ea,20c85b38-1a8d-4bc9-85c3-6e532a4aaac9
102,117acbe0-2789-4a1f-9932-96564672e7de,AssignmentRelationship,,,a8d0f1a2-9d8e-4200-b600-a0a7c5c192ea,f7935e8e-a939-4e29-a3e6-3ca0b5fb7d03
103,302114ae-9bf3-4f7e-87a4-16e632f83a3e,AssignmentRelationship,,,bd4a4597-7afb-4fc4-8f79-871349a0cf43,32860a23-533a-45eb-a1b9-2442e6dd05a3
104,8b4e1ba7-eb00-4065-b3fb-88aac521f482,AssignmentRelationship,,,4b4b03e8-7151-45c2-97dd-df9415de886e,5fa3382f-6543-43a3-a982-8570ce04ead0
105,0f870c6b-6d3b-4203-8d11-e21d1ac13aed,AssignmentRelationship,,,4357d046-a509-4b36-a830-bdceebb8a924,e8636471-3121-45c9-937d-44710507a27c
106,d35efa47-6231-4766-b372-222e792bbf8d,AssignmentRelationship,,,e1956201-c52d-4c9f-aadc-7cd89767a147,3eedbfcc-2326-41b2-b4db-52c3d43621a7
107,78306b7b-6b5e-4a4b-9a4a-6bd32cc5bc88,AssignmentRelationship,,,055f68f4-ee2c-421a-869a-ebd0658c5aad,2c754f2d-5982-44a4-a85e-a19e9975dda2
108,52d3fb9d-3bde-451f-88e3-fd65bd3aea94,AssignmentRelationship,,,8eece279-1a3f-4030-8921-d51e8d37737f,e2c4baec-685f-46ef-9ea8-bae855a85803
109,e312cce1-096f-42b6-acf7-5ec31971f22b,AssignmentRelationship,,,91f6f6b7-21eb-4e18-b5c2-942b5d9774d2,1190ae3d-eeb4-4c35-baf8-7ff592440763
110,cddff0f4-1141-42cc-9383-2c1d14d87f72,AssignmentRelationship,,,217ceca4-1b8a-4cb8-9f33-9ba8a4b5cc6d,42b8ba9d-4ad2-4b18-ac71-3cc7aba89eaa
111,b95bcb76-9890-427d-a8d7-ac21d1dd9251,AssignmentRelationship,,,4357d046-a509-4b36-a830-bdceebb8a924,90777066-1c9c-42b2-af2a-8f2f96fca16d
112,44c4700a-a907-4e24-8c2f-01d45021305e,AssignmentRelationship,,,d0cb4167-0f04-42cd-97a4-640579dfe12a,90777066-1c9c-42b2-af2a-8f2f96fca16d
113,ec2455fa-4505-4ec7-9b13-15dc5075ae70,AssignmentRelationship,,,b5683977-2792-47f7-8e12-7538b91a4a08,a49a2d28-7502-4d0d-b43f-bb06bbcbd137
114,04303124-8018-4585-82ba-4cc714e4efd9,AssignmentRelationship,,,f676a97a-afff-4329-bd24-2d92cae6dc15,becfd92d-6d11-45b8-999e-a587dc1f7fca
115,bcc45e13-a60d-4efb-86e5-9c78c432601c,AssignmentRelationship,,,540a144d-763c-4438-ba44-dd932b516e0b,ae030f28-a3f1-4ce7-9cfe-1352f7549b80
116,1ce1d48d-2167-41f5-a9f6-bba5ce2feb7a,AssignmentRelationship,,,45ae4cf6-bdf0-4688-8625-56a1287f1c40,cefdfa98-dee9-4ff2-80bb-ba2f9a1fab74
117,8e47f5a7-5932-40fe-b2ca-92bc7461adf6,AssignmentRelationship,,,45ae4cf6-bdf0-4688-8625-56a1287f1c40,5a86dca2-fb80-42ac-8b17-5031cfc84978
118,9f6d4bd5-f548-41e5-a9b6-55afc6c7c853,AssignmentRelationship,,,45ae4cf6-bdf0-4688-8625-56a1287f1c40,507129a4-fd7f-4f36-9ce3-82dc6b9ad80a
119,6238bd5d-10d9-413a-9954-8da59ece5f08,AssignmentRelationship,,,b80380dd-8b58-43ea-8081-c47204f0da54,985c123e-bd8f-46ce-b9ae-814db01d2232
120,6b9b94e1-8302-4e59-8fcf-f8812faa3702,AssignmentRelationship,,,6345669c-a7ae-4cb0-bf29-0177138ec35b,1f5ab7c7-034a-4a4e-98fd-6a0aebf5adbe
121,879e37df-87e0-409b-9fd5-c38392a2f299,AssignmentRelationship,,,eed98739-864b-4bdd-9d36-9ca7b062f7c0,b33d4cf9-dbdc-4338-94b7-13d78593a74d
122,3a49191b-f7aa-42cf-998a-6eebe761ea69,AssignmentRelationship,,,485e896b-8414-4b91-96a9-751ee778016f,d115d6d0-fcb6-4943-b64b-fe37a2641bea
123,92891163-6b83-4904-9ec5-6daba3544673,AssignmentRelationship,,,bf26447f-2a8e-4d85-9d83-1a3f0c848894,32860a23-533a-45eb-a1b9-2442e6dd05a3
124,08cea54e-0c10-4fa6-af89-a224c7e32a44,AssignmentRelationship,,,135a7a8b-5ac5-401f-b74e-b948f228581e,aea1da8f-4a43-4d23-b33a-5e07fc32d5f1
125,380a7f89-ee0a-4e33-a287-5a5b4845e30f,AssignmentRelationship,,,135a7a8b-5ac5-401f-b74e-b948f228581e,135b8ed5-7dbe-459a-b75a-add2fe9b4512
126,b6e14ad4-2550-48ae-8aec-37f1e9b24454,AssignmentRelationship,,,ecccfe84-f358-4eb7-8105-2f6bb0cbf4b4,6fbbda4e-c38b-4f5a-abf4-bd4899169bc6
127,69469fcb-0367-4909-8974-7b30bdaab180,AssignmentRelationship,,,204b4635-2793-4885-8764-dbc8bfb36551,e6382590-15f2-40b0-893a-e7e65163138d
128,fa8895c3-a340-4a03-9766-f4d1f8530b58,AssignmentRelationship,,,485e896b-8414-4b91-96a9-751ee778016f,90aa0ebf-8cba-44f5-a0f5-2db23f692d5f
129,ebc031d3-abee-4732-b607-f9201915d27a,AssignmentRelationship,,,485e896b-8414-4b91-96a9-751ee778016f,2c7c0ec9-8bbd-4c44-9ec6-9ae8a8425833
130,851777ae-bf7a-4438-988a-b96d91cd5ceb,AssignmentRelationship,,,8a9199dc-ce6c-4e91-ab42-cdc8df91a8b0,3cfec830-b22b-4fe0-9338-5d1ec3666c72
131,caa0deff-068e-4d66-bc54-04455d2b98ab,AssignmentRelationship,,,063ce9ba-1278-4d75-b220-0411b5b885af,5d8b0d4f-21cc-4220-85e5-f7de370e1d3c
132,35fde002-a0a8-4908-88f0-65577e0c0349,AssignmentRelationship,,,ec41a1c8-f7d4-4e68-b778-2728daf366a4,32860a23-533a-45eb-a1b9-2442e6dd05a3
133,cb696540-7c82-467d-a8db-1f7c50482341,AssignmentRelationship,,,dff8df8c-23a2-40aa-985f-9e67310313a7,3dfb84f1-b5a8-48f1-9680-cb8008e99df2
134,b7dd28fa-b461-4e5f-a4e9-b63aa1855f98,AssignmentRelationship,,,5e317850-50fc-405b-a216-8a7eedeebd7d,5d33fba3-6ba2-4f36-b63a-bc37ebdf3106
135,970331ab-a04e-4df4-804c-7c025eed34ba,AssignmentRelationship,,,cb851b3c-068e-4ff5-b721-ba88cf6e612a,55da368a-f47d-4283-ae06-6f716341e153
136,ba3d282e-2498-423d-bfc5-2ad0c9fb4f62,AssignmentRelationship,,,1ad3ec3e-9e12-4f23-9e92-6ff83110d3a5,55da368a-f47d-4283-ae06-6f716341e153
137,855e9eb4-4ddb-48fd-87eb-56f81ddf9dcd,AssignmentRelationship,,,1fac9fb3-acda-47be-849a-442eec3dfc95,55da368a-f47d-4283-ae06-6f716341e153
138,990fe5e1-8671-458a-a4a0-22c5cac15d35,AssignmentRelationship,,,fe0b7582-33cb-4cad-a0bd-748c8058dffd,b00a5d10-3413-4123-80cf-b5b22dc27d5b
139,d11d5c79-2537-4fa2-8899-1c0aa59a0c8b,AssignmentRelationship,,,fe0b7582-33cb-4cad-a0bd-748c8058dffd,7fdb1621-351a-442c-8b6f-5df2721254b7
140,cf195384-3b8e-4348-a42b-04672de5ea07,AssignmentRelationship,,,b3a069af-481b-4f13-9b69-c03a68e2bc50,a304d1d2-cf62-4bcd-bd53-2b5905efadcf
141,1f4e964b-f6b5-4280-8896-44aa470aeb5c,AssignmentRelationship,,,a9e69f36-bfe3-4db4-b7e6-d8e062022af8,77fa3af4-5cf4-46cc-9e38-72de39ef6790
142,ed0ece77-24fb-48ef-bc07-3087b46447d3,AssignmentRelationship,,,50fa02fe-210d-455f-a1f4-84c75e7dad1e,2a17a682-fd16-4fea-964c-bafdbaef0138
143,db303e23-9797-44f4-b82f-f64c8ff18b9b,AssignmentRelationship,,,50fa02fe-210d-455f-a1f4-84c75e7dad1e,df6bdf86-6a91-41d5-9361-8d9797becd90
144,996c817c-300e-4c41-b4bc-cc418fad3ba9,AssignmentRelationship,,,ad565e34-1847-46c3-871b-456031f5bbff,6cdb1346-44fc-4bb6-bff3-8cbdf348b463
145,81c77f9f-2f08-4ec2-b3b8-a4905b4297b2,AssignmentRelationship,,,a3485b2d-86e2-4fa1-8d8b-4140131b737d,c10534e9-a59b-4fe2-ab02-1ab050f5ac11
146,2aa90bc0-c895-4a83-ac96-041538f15042,AssignmentRelationship,,,ed40cba8-2897-423c-90d4-8d437b7c8205,c10534e9-a59b-4fe2-ab02-1ab050f5ac11
147,00fbca83-cee6-4ac8-84cf-5bba55e3204d,AssignmentRelationship,,,0fa6708d-97d7-4ff0-a3a7-025b14dce01b,43049f69-f6f7-4af3-a7b6-f55dcd3c628d
148,033121c6-eb5f-4c33-a52d-a93829f78db8,AssignmentRelationship,,,a3485b2d-86e2-4fa1-8d8b-4140131b737d,f65c1165-3b3a-4ba2-958a-864db080818a
149,272d500d-7154-4453-a7a6-106db0f2bb05,AssignmentRelationship,,,32ee0dd2-9367-4a6a-b532-143c8331670c,c8b78d52-dae4-4903-a762-0d626f8e1378
150,3cb86f42-8efa-4253-ab86-c68ee16bbe16,AssignmentRelationship,,,cf928221-cda3-4e41-8793-8680aa894322,212dfcac-1e29-47a4-9041-2ce613b2f88f
151,db731044-7530-40a1-9b48-fd4b00ce6f36,AssignmentRelationship,,,5fba4dbe-ce58-413c-add6-67b2bbdbddd5,6896ea22-bbc5-4c4a-9430-28f91f0746ba
152,071b982e-ed79-4fdf-b595-75757baa6348,AssignmentRelationship,,,11eb7e09-9b57-49ef-aeca-5a7eca0fbb1f,32860a23-533a-45eb-a1b9-2442e6dd05a3
153,4e45bc87-2ade-4727-a4f3-dccf285f6ddc,AssignmentRelationship,,,5182355c-35dc-42bd-ac2e-7eafee55b469,32860a23-533a-45eb-a1b9-2442e6dd05a3
154,4d6f73d5-169a-4e13-a041-11f029f5f7d8,AssignmentRelationship,,,bfb60d51-b7cd-4b78-8ac8-48f989857947,32860a23-533a-45eb-a1b9-2442e6dd05a3
155,78100304-0fdc-4c5e-bde7-15d9087a7ab9,AssignmentRelationship,,,3aa4e077-3c8f-400e-8e95-921e5647521b,32860a23-533a-45eb-a1b9-2442e6dd05a3
156,8237c4bb-dfae-4e7a-beea-ce27010b54df,AssignmentRelationship,,,a4d095c2-ef94-49f8-9cde-a4bbe1adf3a3,e0ce1fff-ad3c-4323-b29a-fdca1ef8606d
157,5b06a16c-11ba-4e8c-b34c-cc0a12e25bb7,AssignmentRelationship,,,485e896b-8414-4b91-96a9-751ee778016f,e4150a13-f3f5-4ba9-9812-6a4196f970c8
158,af7f6276-5658-4d76-a3e9-2bd82625773a,AssignmentRelationship,,,485e896b-8414-4b91-96a9-751ee778016f,202ef0ec-9f61-4b89-940a-15e430e3952c
159,847418dc-2a77-4cd9-8d6f-d8e81ac75e72,AssignmentRelationship,,,8f29a9aa-6d13-40f4-8353-a19dd8d711c3,43d89938-76ca-4a94-8910-3da81e01fe18
160,64a51369-aa66-4998-abb4-1280685fe422,AssignmentRelationship,,,485e896b-8414-4b91-96a9-751ee778016f,94615c32-8687-4e54-9865-165a7368bd0f
161,98dcfad8-7fe2-447b-a0c8-0d92d9a0aced,AssignmentRelationship,,,e2b9c7c1-b606-49cb-9433-7e7e906aeee1,f92c7877-01e6-458b-9157-80a7be3ca80d
162,aa83c3e2-604e-4e0e-9d6e-8c6979b936a4,AssignmentRelationship,,,485e896b-8414-4b91-96a9-751ee778016f,9802f416-ee76-4f64-af80-0dd089be11a5
163,cd0f1b3c-bac4-4fab-8305-db3b2df18b75,AssignmentRelationship,,,135a7a8b-5ac5-401f-b74e-b948f228581e,82eafd5d-49e8-426d-ab50-c0eca92a3c1c
164,7d82974c-f1ae-475f-b339-63db3f5a82c2,AssignmentRelationship,,,485e896b-8414-4b91-96a9-751ee778016f,b7302a41-253f-48ad-986d-b808ebfb73b9
165,f2c8e77f-0b95-40f5-83c2-66089385be88,AssignmentRelationship,,,fd1dc9e0-cb98-46de-bb70-e7a307d9b86b,70d47c10-c729-4784-9c62-ae133bfa7c0b
166,171a1482-d4ef-4637-943d-7fd9c748c192,AssignmentRelationship,,,cba2a795-0ef8-41c6-9b3c-c576914c34c2,f2fec505-1185-4d8c-8119-53e8c54fc363
167,ef2ae889-133b-47ca-9e6f-d9a6345e91a2,AssignmentRelationship,,,485e896b-8414-4b91-96a9-751ee778016f,2f29d7c2-4042-453d-8dc8-b868eb814f93
168,8cb2e66a-2906-4d85-8b00-612541ff5d74,AssignmentRelationship,,,c756136e-1382-4c7b-b69f-245e7e3bd10b,b0fca066-784f-440d-94dd-c1fa52266fea
169,db38890c-e557-4a31-9567-15cf263d68b7,AssignmentRelationship,,,c756136e-1382-4c7b-b69f-245e7e3bd10b,6fbbda4e-c38b-4f5a-abf4-bd4899169bc6
170,c2e779df-6e15-400e-a001-5bb6cc894548,AssignmentRelationship,,,62e45e2f-008e-4a2a-85a5-2eecef6add6f,eeb69f2c-b88c-4b5c-8236-11bae1b34907
171,5de9ef57-a3cf-423a-9b43-00ec231ff1d7,AssignmentRelationship,,,9ed0afc9-3d06-4072-a433-fd1045c3e400,600be3c9-d92c-4bab-8f2d-b2b5760be042
172,c0dd43d7-f395-41a3-80bb-da0b6b0c9b04,AssignmentRelationship,,,485e896b-8414-4b91-96a9-751ee778016f,b733f5ef-2f14-4c60-8ebf-aa8f688b23e0
173,c3b2b586-c87b-4d69-82ae-3e457089cb7c,AssignmentRelationship,,,3f6d9445-e760-4b57-b6bc-a1574d6b6006,427f330e-0586-483d-8a59-988cc3055472
174,15465acb-5241-4b90-b5c7-e4671b950141,AssignmentRelationship,,,a8d0f1a2-9d8e-4200-b600-a0a7c5c192ea,4bd577fd-073f-4961-8706-19e164945190
175,936f61f2-1207-4b81-908f-82b4d8d55826,AssociationRelationship,,,290c6a54-48f1-4b7c-a09b-8bb7c6ad4472,b960773e-686b-43ea-b69b-dd299ed8c4aa
176,70021047-b135-4cfe-87dd-432c41e5606e,AssociationRelationship,,,aea1da8f-4a43-4d23-b33a-5e07fc32d5f1,59f6323a-0caf-4817-b82e-0d5f8dcfa376
177,ccd6edab-13a1-4c32-866e-f2848b694cee,AssociationRelationship,,,885cd0d3-524e-4ac0-b631-1c6d6c6ef3a3,276ef614-645a-4a1f-bb44-34e666810bbd
178,6cfcdab6-a5f8-4552-89b6-7e55c4703146,AssociationRelationship,Consistent With,,9898ba0e-cc60-424c-8bd2-a0c28a532bc3,841cb2dd-90f5-43d3-9960-dd90391d6b7c
179,c2fc4241-67e7-47b1-b960-6ec764a96e5c,AssociationRelationship,Consistent With,,def1af73-064e-43f5-b818-8d6275f4d77f,276ef614-645a-4a1f-bb44-34e666810bbd
180,f6841035-da33-45b0-a000-f8d3291faf6f,CompositionRelationship,,,7abc4fe7-c442-49ef-890c-31e3ed545153,1c3a4171-e303-419e-99cd-3dc60c44f4ad
181,2cbdcab1-f7d5-4b68-8f38-a4085e12388a,CompositionRelationship,,,f676a97a-afff-4329-bd24-2d92cae6dc15,8ca192db-f5e8-47ea-b843-9870ac7df300
182,a36f3bb9-835a-415a-a705-0e0ce59e648a,CompositionRelationship,,,f676a97a-afff-4329-bd24-2d92cae6dc15,580387fe-369e-48f8-9e6f-37fb2e4eabde
183,9663ca0d-8050-4789-83ff-9118e4483777,CompositionRelationship,,,f676a97a-afff-4329-bd24-2d92cae6dc15,831b94c2-c809-4851-8d60-7d8c91f125fd
184,5de69045-df75-43eb-a1c2-f85d14d36a47,CompositionRelationship,,,f676a97a-afff-4329-bd24-2d92cae6dc15,05b0119c-55a5-4004-a64f-a2ca47d9fe4d
185,3880adcb-5a17-4909-bbf8-dbc6f536d231,CompositionRelationship,,,8a9199dc-ce6c-4e91-ab42-cdc8df91a8b0,68f1f643-3022-4e41-8fbf-f029912ae57d
186,660f953d-1b61-45c5-9ae3-732e7f194645,CompositionRelationship,,,8a9199dc-ce6c-4e91-ab42-cdc8df91a8b0,063ce9ba-1278-4d75-b220-0411b5b885af
187,cf027c8a-0c95-44fe-8253-ce2b7f1eb655,CompositionRelationship,,,e9903810-361f-42fb-a1bd-f196f2ff25f3,15a046e1-6f30-45df-a6c3-46931c42f40d
188,d6ad46b3-eed1-4ef4-9f98-4740bd593a2a,CompositionRelationship,,,7189dcbf-38ab-4227-9869-564e4b03e88c,81e2fe63-2b0f-4e7c-8c77-7d55ba21e866
189,a9dd56e7-6f36-4318-b31d-6fedce2888b6,CompositionRelationship,,,e9903810-361f-42fb-a1bd-f196f2ff25f3,98480c10-43b9-4c02-9afd-89aa18be0775
190,ef0233f5-b9ea-4b94-96a1-19adc050ea33,CompositionRelationship,,,7189dcbf-38ab-4227-9869-564e4b03e88c,715752e8-d04f-43e0-ad95-acf007a56441
191,2700fa6b-36d9-468f-b832-fb29ffdf5fd3,CompositionRelationship,,,7abc4fe7-c442-49ef-890c-31e3ed545153,3090c4e4-6129-4350-927c-017a60e0f165
192,06389445-87ff-4d89-9989-bde4dcbadc29,CompositionRelationship,,,c71c9e4f-831d-4265-a92b-c291cf2687eb,9298561a-4ae6-4f37-b73d-d0580df62449
193,9fb8b5dd-ea53-49a8-90af-552afd1ba78a,CompositionRelationship,,,c71c9e4f-831d-4265-a92b-c291cf2687eb,b5a8052b-273d-4921-8029-d39b9aedae31
194,45c8f2bd-6611-4658-b543-2e1ce73066ca,CompositionRelationship,,,c71c9e4f-831d-4265-a92b-c291cf2687eb,69a9a7a4-cb23-4efd-94b9-f17205bcc539
195,fc52e68b-26c9-4113-82df-54255dcad78c,CompositionRelationship,,,c71c9e4f-831d-4265-a92b-c291cf2687eb,fd42dafb-e862-4a80-b872-7def62db7d5a
196,9e929b7a-db64-4703-b4e8-2ccf349eede5,CompositionRelationship,,,9298561a-4ae6-4f37-b73d-d0580df62449,63d76f4f-4b80-4d88-a1e0-9e85283186fe
197,4e14d470-ec55-4796-9ec6-09920f124001,CompositionRelationship,,,b5a8052b-273d-4921-8029-d39b9aedae31,6ec2f9b6-03d8-4e34-8cdd-23c4ffa6cba5
198,970d7250-e282-436d-9441-c36ac0045af5,CompositionRelationship,,,69a9a7a4-cb23-4efd-94b9-f17205bcc539,00363138-1ae4-41cb-98fe-ac405c2270eb
199,ac9fb20f-ac8e-44a5-b4fb-cf5164ec3e0f,CompositionRelationship,,,a8d0f1a2-9d8e-4200-b600-a0a7c5c192ea,bd4a4597-7afb-4fc4-8f79-871349a0cf43
200,eb918ead-e0a4-4b43-b325-f57b17238627,CompositionRelationship,,,a8d0f1a2-9d8e-4200-b600-a0a7c5c192ea,4b4b03e8-7151-45c2-97dd-df9415de886e
201,28c87c41-0495-4e43-9765-69cceb422c05,CompositionRelationship,,,4357d046-a509-4b36-a830-bdceebb8a924,055f68f4-ee2c-421a-869a-ebd0658c5aad
202,231e1bfb-0c0e-4a3b-882f-b9eefe31fa6d,CompositionRelationship,,,45ae4cf6-bdf0-4688-8625-56a1287f1c40,540a144d-763c-4438-ba44-dd932b516e0b
203,ca5d7975-228d-4399-af7a-9ca0b739dbac,CompositionRelationship,,,4357d046-a509-4b36-a830-bdceebb8a924,d0cb4167-0f04-42cd-97a4-640579dfe12a
204,838b7bd4-313d-4723-ab2e-b4d3b4ad1d91,CompositionRelationship,,,888bd32a-f7b0-41c1-bf7e-5fc76bb94547,b80380dd-8b58-43ea-8081-c47204f0da54
205,8dfcf6bc-7260-4e82-b09e-72910a86843d,CompositionRelationship,,,888bd32a-f7b0-41c1-bf7e-5fc76bb94547,6345669c-a7ae-4cb0-bf29-0177138ec35b
206,a883d257-3d36-48bd-84fe-9aa70fe3713f,CompositionRelationship,,,485e896b-8414-4b91-96a9-751ee778016f,eed98739-864b-4bdd-9d36-9ca7b062f7c0
207,b527f1dd-1e16-4f7b-8579-eb0d2789419f,CompositionRelationship,,,a8d0f1a2-9d8e-4200-b600-a0a7c5c192ea,bf26447f-2a8e-4d85-9d83-1a3f0c848894
208,6223750c-8f28-48f3-808a-31638914d9f2,CompositionRelationship,,,485e896b-8414-4b91-96a9-751ee778016f,135a7a8b-5ac5-401f-b74e-b948f228581e
209,2e14c1b1-900a-434b-8ba8-ca6f376c7ff6,CompositionRelationship,,,485e896b-8414-4b91-96a9-751ee778016f,ecccfe84-f358-4eb7-8105-2f6bb0cbf4b4
210,3dce1eec-1299-4a77-9b91-631157f3c301,CompositionRelationship,,,485e896b-8414-4b91-96a9-751ee778016f,204b4635-2793-4885-8764-dbc8bfb36551
211,59b929f7-d420-4e9c-bb88-16486a7dfc74,CompositionRelationship,,,dff8df8c-23a2-40aa-985f-9e67310313a7,5e317850-50fc-405b-a216-8a7eedeebd7d
212,0eaed52e-6d4c-40d9-9291-79990244e868,CompositionRelationship,,,fe0b7582-33cb-4cad-a0bd-748c8058dffd,cb851b3c-068e-4ff5-b721-ba88cf6e612a
213,a2f48ade-68f9-4c07-8426-0e4d2788827a,CompositionRelationship,,,fe0b7582-33cb-4cad-a0bd-748c8058dffd,1ad3ec3e-9e12-4f23-9e92-6ff83110d3a5
214,87150f13-435f-45cf-9242-a2f48106cb71,CompositionRelationship,,,fe0b7582-33cb-4cad-a0bd-748c8058dffd,1fac9fb3-acda-47be-849a-442eec3dfc95
215,e946af08-49f7-4201-bd4e-36e473f8c980,CompositionRelationship,,,62afd6a9-1915-4220-ac50-21bc39cb69a5,fe0b7582-33cb-4cad-a0bd-748c8058dffd
216,f34d1111-043c-4d85-8683-3c72434fcb00,CompositionRelationship,,,50fa02fe-210d-455f-a1f4-84c75e7dad1e,a9e69f36-bfe3-4db4-b7e6-d8e062022af8
217,8f4fc9d4-6c2c-4a5b-b16f-2f403f04dd82,CompositionRelationship,,,50fa02fe-210d-455f-a1f4-84c75e7dad1e,290c6a54-48f1-4b7c-a09b-8bb7c6ad4472
218,bd26c5f8-dda0-4a03-b6b3-ccb9525269b8,CompositionRelationship,,,485e896b-8414-4b91-96a9-751ee778016f,a4d095c2-ef94-49f8-9cde-a4bbe1adf3a3
219,702ecf9b-acad-473d-b2c2-55ea5b2e9aee,CompositionRelationship,,,485e896b-8414-4b91-96a9-751ee778016f,8f29a9aa-6d13-40f4-8353-a19dd8d711c3
220,0cf79445-a41f-40f3-bbef-68fb0cfc5180,CompositionRelationship,,,485e896b-8414-4b91-96a9-751ee778016f,e2b9c7c1-b606-49cb-9433-7e7e906aeee1
221,89e4695c-d2a6-418f-998f-7d04a241da6e,CompositionRelationship,,,485e896b-8414-4b91-96a9-751ee778016f,dac945c8-53cc-4f66-8e25-8cd314f164dc
222,71c2b023-5278-46c8-b728-4132b7dcc6c4,CompositionRelationship,,,485e896b-8414-4b91-96a9-751ee778016f,fd1dc9e0-cb98-46de-bb70-e7a307d9b86b
223,7b719c0a-959c-4a9a-8579-db6514033960,CompositionRelationship,,,485e896b-8414-4b91-96a9-751ee778016f,cba2a795-0ef8-41c6-9b3c-c576914c34c2
224,4ba59f20-7ca8-4af7-80fc-720d96ab0e3d,CompositionRelationship,,,485e896b-8414-4b91-96a9-751ee778016f,c756136e-1382-4c7b-b69f-245e7e3bd10b
225,39c8d017-9618-4048-84cc-c2472ef35e3e,CompositionRelationship,,,535db8c2-22e5-11e8-892b-6c400893992c,42acb5e6-22e8-11e8-9744-6c400893992c
226,23fe2703-aa1d-454a-a866-c19fa5f8ecf1,CompositionRelationship,,,1e89608f-22ee-11e8-ab12-6c400893992c,42acb5e6-22e8-11e8-9744-6c400893992c
227,8b8b942b-cda9-4399-b674-fa6625fd1b0b,CompositionRelationship,,,42acb6d7-22e8-11e8-9707-6c400893992c,42acb5e6-22e8-11e8-9744-6c400893992c
228,0bdbf919-77bd-4c53-865c-600a269fa3a1,CompositionRelationship,,,42acb745-22e8-11e8-9b05-6c400893992c,42acb5e6-22e8-11e8-9744-6c400893992c
229,673ecacf-cce9-4cc4-9b33-ba5b60c6453a,CompositionRelationship,,,42acb661-22e8-11e8-b9cb-6c400893992c,42acb5e6-22e8-11e8-9744-6c400893992c
230,8e8373d9-1039-4ee8-8901-9796198f5b8f,CompositionRelationship,,,470071c2-28eb-4d0a-a263-8094d28971cd,42acb5e6-22e8-11e8-9744-6c400893992c
231,2106fb06-4fa3-4a69-b54f-8b072f56972e,CompositionRelationship,,,42acb5e6-22e8-11e8-9744-6c400893992c,42acb7b3-22e8-11e8-9294-6c400893992c
232,0985dc19-f8c1-474d-b2d9-915ece83e339,CompositionRelationship,,,42acb7b3-22e8-11e8-9294-6c400893992c,42acb5e6-22e8-11e8-9744-6c400893992c
233,e6a03f6b-6680-426b-8a27-cf395f301d4b,CompositionRelationship,,,a088d866-3848-401e-88e5-3091ebd1e1a2,ac5daa2e-a468-4292-9e59-8651dcf0c3c5
234,ddc42e3b-4a35-42a7-b5f8-c95718c041fd,CompositionRelationship,,,a088d866-3848-401e-88e5-3091ebd1e1a2,201b9993-4e7d-439a-87da-2124ac8df529
235,720e2a9f-8984-480e-96da-e78374833869,CompositionRelationship,,,a088d866-3848-401e-88e5-3091ebd1e1a2,fa142b5a-3bb2-4f62-b550-6b2c09d0f31e
236,224fcf82-bf0e-4cf5-9b02-38500f19bc0e,CompositionRelationship,,,a088d866-3848-401e-88e5-3091ebd1e1a2,470071c2-28eb-4d0a-a263-8094d28971cd
237,951aff73-f511-454f-bebf-f0146d86904b,CompositionRelationship,,,a2cf134d-ffc8-4ec0-86aa-8bf205d461dd,efad7de1-0b7e-4e5e-99a8-e5cd3e882401
238,1e7e01bb-492a-46bd-902b-212a302af226,CompositionRelationship,,,a2cf134d-ffc8-4ec0-86aa-8bf205d461dd,9d569c41-4486-44b8-b634-755e70267cfc
239,d3e336c4-ea1f-43de-abff-f37d969de16c,CompositionRelationship,,,a2cf134d-ffc8-4ec0-86aa-8bf205d461dd,4fcff906-0060-4a83-bcc6-ad3666c70abc
240,77227c10-38e7-4f78-a4f8-0ad83517b10c,FlowRelationship,,,c10534e9-a59b-4fe2-ab02-1ab050f5ac11,212dfcac-1e29-47a4-9041-2ce613b2f88f
241,10b92437-47ed-40eb-9734-47a5f1dad335,FlowRelationship,,,0fa6708d-97d7-4ff0-a3a7-025b14dce01b,212dfcac-1e29-47a4-9041-2ce613b2f88f
242,6a81fc02-7b4c-4fc5-9763-8f7d6c1a0bb2,FlowRelationship,,,d03a8ebd-140e-40ba-aa64-ad66f7a07fa1,96a33906-e42b-4a6a-929f-98897955dc81
243,25b0ba9d-2dee-45a8-83f3-57bec357bfce,FlowRelationship,,,96a33906-e42b-4a6a-929f-98897955dc81,64f3c8cf-407d-4fb0-be89-1a64883446bb
244,fa0f7a52-db93-48b2-9b8e-f8597865115e,FlowRelationship,,,64f3c8cf-407d-4fb0-be89-1a64883446bb,57189317-88c5-44b4-ac9c-a9536eba2046
245,a768fcf7-a45b-4870-b8ad-86ea528e4855,FlowRelationship,,,57189317-88c5-44b4-ac9c-a9536eba2046,43049f69-f6f7-4af3-a7b6-f55dcd3c628d
246,27ce13b4-f022-44c7-a9f4-4bd041568d66,FlowRelationship,,,43049f69-f6f7-4af3-a7b6-f55dcd3c628d,b2cadc80-8fbe-4aca-93c4-3258ce9092ba
247,834afe22-0b37-4f18-83ef-9a96c4689ddb,FlowRelationship,,,43049f69-f6f7-4af3-a7b6-f55dcd3c628d,c10534e9-a59b-4fe2-ab02-1ab050f5ac11
248,ae0f13c6-8ce2-4f7d-916f-bf1675b524ef,FlowRelationship,,,c8b78d52-dae4-4903-a762-0d626f8e1378,c10534e9-a59b-4fe2-ab02-1ab050f5ac11
249,2f6ea61d-55ee-4eae-9057-b1c2eb82df70,FlowRelationship,,,f65c1165-3b3a-4ba2-958a-864db080818a,c8b78d52-dae4-4903-a762-0d626f8e1378
250,802ea1e1-96bc-4513-ba76-02b2b746f311,FlowRelationship,,,b2cadc80-8fbe-4aca-93c4-3258ce9092ba,c3d27c9b-1df3-4e86-96b0-2d130609f8d0
251,3fd80f62-0fa6-44c5-9d86-e25a733f490f,FlowRelationship,,,d03a8ebd-140e-40ba-aa64-ad66f7a07fa1,64f3c8cf-407d-4fb0-be89-1a64883446bb
252,f208cd15-c2c7-430d-b62c-0b8a83385725,RealizationRelationship,,,8ca192db-f5e8-47ea-b843-9870ac7df300,535db714-22e5-11e8-8f78-6c400893992c
253,59dbd37c-d77b-487d-b140-d51026370b12,RealizationRelationship,,,580387fe-369e-48f8-9e6f-37fb2e4eabde,6f557beb-4012-4b82-8bfd-cdb2373d9e5e
254,684f8926-4d74-45e6-a83f-02ca0c173201,RealizationRelationship,,,39053da6-245f-4dda-a3e6-5d6338e99f6a,6f557beb-4012-4b82-8bfd-cdb2373d9e5e
255,dee6fcad-b801-4b56-b03d-97e096f6598d,RealizationRelationship,,,3e38b02a-ad0e-4624-a7b0-be7eb47b0042,6f557beb-4012-4b82-8bfd-cdb2373d9e5e
256,ad3094e4-53a5-4da4-b021-a6f562b50473,RealizationRelationship,,,831b94c2-c809-4851-8d60-7d8c91f125fd,6f557beb-4012-4b82-8bfd-cdb2373d9e5e
257,1165e682-7d7b-43d7-ae13-1a32f2838901,RealizationRelationship,,,20b50f03-4206-46a1-803f-b0216b5d88fc,844511d1-7959-11e7-9d25-6c400893992c
258,85331d9d-15dc-4c64-bcfb-0bff3de576cf,RealizationRelationship,,,9e87fe0e-1f50-4dad-b2b4-a8a0381125a5,2b866215-ea92-47b0-aef9-32ca6e6d0744
259,e8baab2c-ce02-4e6c-ada4-f2abf41a4277,RealizationRelationship,,,2fd01473-2fcd-4aca-98db-676d8af6764a,ca7a5b97-8e1f-4fda-9c66-ac822925f06c
260,6eb0f2b4-df0f-4f36-9507-c836c8227436,RealizationRelationship,,,7abf8a99-7910-4021-9ff4-56ccee7a6a75,844524e1-7959-11e7-97d7-6c400893992c
261,6b3e40e5-0f07-411e-b2bc-d88abcb58f64,RealizationRelationship,,,3b2cdd12-166d-4a8e-b060-1370bdbd4a81,022902fe-ed19-43fe-bbcf-d9a0e9baa274
262,eb6b5da0-7771-403b-b54e-0af582a88c21,RealizationRelationship,,,6e3017bd-3529-47e4-967b-2c05a3690c0d,e564f5d6-4dc4-4102-95ba-b724a6849b79
263,c2193196-6ad1-4222-ba3c-74590607d83b,RealizationRelationship,,,8a4237ac-243b-45a8-97c6-6a464239621b,42ff1752-1a1f-40fc-bb61-f318dbc2424e
264,2003377f-437a-40b6-9f34-e1bf67b9edcf,RealizationRelationship,,,20c85b38-1a8d-4bc9-85c3-6e532a4aaac9,5fa3382f-6543-43a3-a982-8570ce04ead0
265,705d919f-b96a-4280-917d-1712b14da1c1,RealizationRelationship,,,f7935e8e-a939-4e29-a3e6-3ca0b5fb7d03,32860a23-533a-45eb-a1b9-2442e6dd05a3
266,7f8358d0-386b-4c3d-ab4c-a6c5ee226e50,RealizationRelationship,,,e8636471-3121-45c9-937d-44710507a27c,2c754f2d-5982-44a4-a85e-a19e9975dda2
267,1d946d72-bcf5-4da5-89ec-2d8f9813faa6,RealizationRelationship,,,507129a4-fd7f-4f36-9ce3-82dc6b9ad80a,ae030f28-a3f1-4ce7-9cfe-1352f7549b80
268,40afa244-ce5f-46ea-a4b9-d5d0f4650659,RealizationRelationship,,,5a86dca2-fb80-42ac-8b17-5031cfc84978,ae030f28-a3f1-4ce7-9cfe-1352f7549b80
269,093a4644-215f-4467-bfdb-8983c76d4236,RealizationRelationship,,,becfd92d-6d11-45b8-999e-a587dc1f7fca,844511d1-7959-11e7-9d25-6c400893992c
270,33db6d45-ca65-4c6a-a428-e1aa5a14005c,RealizationRelationship,,,cefdfa98-dee9-4ff2-80bb-ba2f9a1fab74,ae030f28-a3f1-4ce7-9cfe-1352f7549b80
271,abffd244-cee0-4e47-ae00-d45c7e8240d3,RealizationRelationship,,,d115d6d0-fcb6-4943-b64b-fe37a2641bea,b33d4cf9-dbdc-4338-94b7-13d78593a74d
272,ea66d06c-6fa1-4df2-ae14-1cfdcf261d0a,RealizationRelationship,,,90aa0ebf-8cba-44f5-a0f5-2db23f692d5f,e6382590-15f2-40b0-893a-e7e65163138d
273,4126bfd3-1295-4057-89d3-7295c51622f6,RealizationRelationship,,,3cfec830-b22b-4fe0-9338-5d1ec3666c72,0b57d3ac-592d-4d51-b826-6c6918e26456
274,46cf7083-6b0f-4d7c-bfd8-9f44ea73db13,RealizationRelationship,,,3dfb84f1-b5a8-48f1-9680-cb8008e99df2,5d33fba3-6ba2-4f36-b63a-bc37ebdf3106
275,c313d7b4-9884-4b5b-abe7-17a6327c7edb,RealizationRelationship,,,b00a5d10-3413-4123-80cf-b5b22dc27d5b,55da368a-f47d-4283-ae06-6f716341e153
276,eb5b6691-5ba6-48f7-9f54-73af39b9c311,RealizationRelationship,,,2a17a682-fd16-4fea-964c-bafdbaef0138,77fa3af4-5cf4-46cc-9e38-72de39ef6790
277,098de08b-2595-453f-bd53-24c358c0a4e4,RealizationRelationship,,,212dfcac-1e29-47a4-9041-2ce613b2f88f,f0d10b81-5d4c-4a75-a5f0-80f4277488dd
278,fe250ec2-1a0c-4dfb-85cc-f43d9f166b5c,RealizationRelationship,,,202ef0ec-9f61-4b89-940a-15e430e3952c,e0ce1fff-ad3c-4323-b29a-fdca1ef8606d
279,25978876-e675-4547-8078-80579c0052e0,RealizationRelationship,,,94615c32-8687-4e54-9865-165a7368bd0f,43d89938-76ca-4a94-8910-3da81e01fe18
280,e063907c-1c00-45b1-9a1f-185e010bdc62,RealizationRelationship,,,9802f416-ee76-4f64-af80-0dd089be11a5,f92c7877-01e6-458b-9157-80a7be3ca80d
281,316d10ec-789a-415c-89a5-69a85a0d5211,RealizationRelationship,,,e4150a13-f3f5-4ba9-9812-6a4196f970c8,70d47c10-c729-4784-9c62-ae133bfa7c0b
282,69fab250-f25e-468b-bb84-aea5794b4425,RealizationRelationship,,,2f29d7c2-4042-453d-8dc8-b868eb814f93,f2fec505-1185-4d8c-8119-53e8c54fc363
283,e18bbc9c-0ab0-4604-a628-8cdb5e3dd09d,RealizationRelationship,,,eeb69f2c-b88c-4b5c-8236-11bae1b34907,74f5bc36-bf52-4fff-9a0a-df94acf1fc05
284,86d861da-e4eb-411b-baaa-98b5d7af1f2c,RealizationRelationship,,,427f330e-0586-483d-8a59-988cc3055472,11859cd4-3011-46c6-9dc9-ad82e665f44e
285,16274588-8534-4174-97b0-8ebf48130bff,RealizationRelationship,,,427f330e-0586-483d-8a59-988cc3055472,b93bc54f-36aa-4504-ab86-c5538ec6b7f6
286,adf5be6b-c3a3-45b6-b83e-4de4019ba81a,RealizationRelationship,,,427f330e-0586-483d-8a59-988cc3055472,f99a99be-fefc-4cda-8614-2df5cdf55f5c
287,737242bb-2d64-48c9-a510-404b1ee86a51,RealizationRelationship,,,427f330e-0586-483d-8a59-988cc3055472,e720f232-c504-45e6-b4c1-31adda8522b9
288,4a32f574-85f0-45d4-bfcd-124e0d6158c9,RealizationRelationship,,,427f330e-0586-483d-8a59-988cc3055472,58eea90e-73ba-44d5-af9f-c800943d9b16
289,efd50642-2a31-4f1c-b3f8-81c82cb615b1,RealizationRelationship,,,4bd577fd-073f-4961-8706-19e164945190,58eea90e-73ba-44d5-af9f-c800943d9b16
290,7cfd2238-6d33-413c-8ad5-5e4ea40318c7,RealizationRelationship,,,4bd577fd-073f-4961-8706-19e164945190,e720f232-c504-45e6-b4c1-31adda8522b9
291,b6f24e14-9625-4519-ba0d-2323ab9eef55,RealizationRelationship,,,4bd577fd-073f-4961-8706-19e164945190,f99a99be-fefc-4cda-8614-2df5cdf55f5c
292,3969256e-f85e-4c99-8fb9-1cd4ca3cfebc,RealizationRelationship,,,4bd577fd-073f-4961-8706-19e164945190,b93bc54f-36aa-4504-ab86-c5538ec6b7f6
293,5e085d7c-9261-4bb7-8e93-752166153ef7,RealizationRelationship,,,4bd577fd-073f-4961-8706-19e164945190,11859cd4-3011-46c6-9dc9-ad82e665f44e
294,0e7daa21-79e0-418d-ae77-0af456781197,RealizationRelationship,,,def1af73-064e-43f5-b818-8d6275f4d77f,885cd0d3-524e-4ac0-b631-1c6d6c6ef3a3
295,089fbd9e-86e7-4bdf-a020-274687b6e052,RealizationRelationship,,,fe0b7582-33cb-4cad-a0bd-748c8058dffd,42acb5e6-22e8-11e8-9744-6c400893992c
296,569468d2-151d-4420-a233-d6ad80c3b7e5,RealizationRelationship,,,0fa6708d-97d7-4ff0-a3a7-025b14dce01b,111906cc-bee1-473e-ac01-e871aa5d28ec
297,81cbf399-068b-4fdb-8bc3-1f7a138cc451,RealizationRelationship,,,05b0119c-55a5-4004-a64f-a2ca47d9fe4d,535db821-22e5-11e8-ba68-6c400893992c
298,45f92d73-db44-4ba5-98d7-653d2949070f,RealizationRelationship,,,05b0119c-55a5-4004-a64f-a2ca47d9fe4d,535db714-22e5-11e8-8f78-6c400893992c
299,2dea24c1-9bca-4be4-be9e-4287203835be,RealizationRelationship,,,05b0119c-55a5-4004-a64f-a2ca47d9fe4d,53558094-22e5-11e8-b205-6c400893992c
300,fc458bc1-8df4-429b-bc61-9d8fb00d758c,RealizationRelationship,,,f676a97a-afff-4329-bd24-2d92cae6dc15,42acb5e6-22e8-11e8-9744-6c400893992c
301,921985e3-66f9-4394-b85e-55fd44f6df90,RealizationRelationship,,,7abc4fe7-c442-49ef-890c-31e3ed545153,42acb5e6-22e8-11e8-9744-6c400893992c
302,58acc5d2-8022-45d9-80ba-c6c0dfc9b6a3,RealizationRelationship,,,485e896b-8414-4b91-96a9-751ee778016f,42acb5e6-22e8-11e8-9744-6c400893992c
303,ffa97c99-5593-430c-b5eb-7b354fd0d9f4,RealizationRelationship,,,9f2f885b-c9c6-4ae8-af8f-675d076dfdaf,535db821-22e5-11e8-ba68-6c400893992c
304,f6468ebc-8a69-40ea-9f87-528c19af0324,RealizationRelationship,,,efad7de1-0b7e-4e5e-99a8-e5cd3e882401,535db821-22e5-11e8-ba68-6c400893992c
305,e3494f06-2179-4eba-aa05-395fb5688a27,RealizationRelationship,,,b68654c3-2750-4e46-8c06-b9eae744dd02,535db714-22e5-11e8-8f78-6c400893992c
306,cab2dabf-f853-4add-8389-0c0ddddfed6f,RealizationRelationship,,,9d569c41-4486-44b8-b634-755e70267cfc,535db714-22e5-11e8-8f78-6c400893992c
307,6bf4e3e1-b478-469a-948c-90b08beea04d,RealizationRelationship,,,4fcff906-0060-4a83-bcc6-ad3666c70abc,53558094-22e5-11e8-b205-6c400893992c
308,95222e90-d2cf-4e0c-bc01-e5a4989f490e,RealizationRelationship,,,710bafba-d906-4e72-b9bb-92ccff1a5eb7,53558094-22e5-11e8-b205-6c400893992c
309,5d24fb60-9c8e-4314-b455-b7670ab33fe3,RealizationRelationship,,,a2cf134d-ffc8-4ec0-86aa-8bf205d461dd,42acb5e6-22e8-11e8-9744-6c400893992c
310,3fa9c5f0-6768-40b0-b35b-33943bd4deac,ServingRelationship,,,1c3a4171-e303-419e-99cd-3dc60c44f4ad,1c5e7af3-49b3-49c6-a178-4dc1b9f822e8
311,dc0ada6d-158c-4845-a12d-5f6138759f9e,ServingRelationship,,,19d69698-1577-4f65-8d27-e72188851cbe,5d8b0d4f-21cc-4220-85e5-f7de370e1d3c
312,7e7a06c4-f036-4f0d-992a-81286a868382,ServingRelationship,,,19d69698-1577-4f65-8d27-e72188851cbe,1450d511-398f-450d-a623-545e186f51b3
313,8ade23b9-5ef5-4f45-8fd5-bfc765c217ea,ServingRelationship,,,0b57d3ac-592d-4d51-b826-6c6918e26456,a30dd896-63f1-4f60-a2de-ec36059388d5
314,7c9a7c1f-af2f-491f-ab98-275901d5eaa1,ServingRelationship,,,533c953f-e5a8-4e34-aebc-29d4698ff932,b1f843f0-d0c3-4330-8a09-cac228a3803a
315,46803d58-f578-4e3c-b280-f89449250e10,ServingRelationship,,,533c953f-e5a8-4e34-aebc-29d4698ff932,3c812e35-2cab-4a65-846b-157faf66319e
316,5a9e360e-a7e0-4e54-97e5-fa6b44d7a677,ServingRelationship,,,533c953f-e5a8-4e34-aebc-29d4698ff932,5fe404b6-f707-4af9-95f8-ccfa8ae521bf
317,3939352c-899f-4f9f-b3b0-d7496add3a3e,ServingRelationship,,,533c953f-e5a8-4e34-aebc-29d4698ff932,e13a623f-5783-42eb-a537-937c5866bc35
318,a21c80c6-8c94-46b4-9ba1-53140c2b0c7b,ServingRelationship,,,533c953f-e5a8-4e34-aebc-29d4698ff932,38270cc3-bceb-4e14-a2f0-98aa1019a7a2
319,3cec7ac4-875c-4fc5-91ca-cd3e13486587,ServingRelationship,,,533c953f-e5a8-4e34-aebc-29d4698ff932,834670da-63af-4364-807a-eeef17017068
320,121c30a3-a1b4-4c71-84cc-152c8031fb4d,ServingRelationship,,,85321156-addb-41f7-bb8d-1a2efce477f0,2fd01473-2fcd-4aca-98db-676d8af6764a
321,3b5467a0-a24f-4bf7-875d-80ed11834e54,ServingRelationship,,,da8f1673-ec05-4735-b8f3-5cca7cbf289b,2fd01473-2fcd-4aca-98db-676d8af6764a
322,328f4a6c-f554-40b6-88ed-658f774656a3,ServingRelationship,,,2b866215-ea92-47b0-aef9-32ca6e6d0744,85321156-addb-41f7-bb8d-1a2efce477f0
323,dd198096-c94c-4670-a4e5-7cc2ea8b9687,ServingRelationship,,,15c23b9c-f736-4458-a7a9-e2bd59932c7c,9e87fe0e-1f50-4dad-b2b4-a8a0381125a5
324,5f430125-f78b-4cca-a4dc-82ba4f82f1d3,ServingRelationship,,,0b57d3ac-592d-4d51-b826-6c6918e26456,da8f1673-ec05-4735-b8f3-5cca7cbf289b
325,3c2bcdf8-d9ef-4232-98b2-1d1fe45f9d70,ServingRelationship,,,533c953f-e5a8-4e34-aebc-29d4698ff932,15c23b9c-f736-4458-a7a9-e2bd59932c7c
326,041d7dab-b725-412a-bd03-0051ea994451,ServingRelationship,,,844524e1-7959-11e7-97d7-6c400893992c,5d8a29e7-1400-46d2-8ca3-fa2cdd0fc60f
327,ca59796a-4502-4cdb-bf53-4ddef0f2b297,ServingRelationship,,,75e1b13e-eb27-42e5-bd4b-64795ff2b782,7abc4fe7-c442-49ef-890c-31e3ed545153
328,1bf9b813-12ce-4c2e-bb3d-f1d238584526,ServingRelationship,,,0b57d3ac-592d-4d51-b826-6c6918e26456,ce6adc90-ab00-4599-ac72-f64aa32a82ee
329,79c7e997-15cd-4af5-b9d6-8a3410b5c0b8,ServingRelationship,,,0b57d3ac-592d-4d51-b826-6c6918e26456,7e7fa4b0-dfd0-4181-ba57-23fa79b58829
330,e14f5acd-2ca5-476f-a328-53dd0259c353,ServingRelationship,,,0b57d3ac-592d-4d51-b826-6c6918e26456,659ceb8b-d03f-4716-8516-443595b6e7d1
331,7e0f657a-9e43-4628-8d33-a64fb6db4b64,ServingRelationship,,,fec870e6-398d-4e85-86ea-20293863a7ec,4357d046-a509-4b36-a830-bdceebb8a924
332,2238332a-da5b-4507-9626-240534edfe2b,ServingRelationship,,,3eedbfcc-2326-41b2-b4db-52c3d43621a7,90777066-1c9c-42b2-af2a-8f2f96fca16d
333,5d1eec28-b174-48d1-a959-b335aa30985c,ServingRelationship,,,e2c4baec-685f-46ef-9ea8-bae855a85803,90777066-1c9c-42b2-af2a-8f2f96fca16d
334,91af490b-e584-4d66-826a-cd3486f5389d,ServingRelationship,,,42b8ba9d-4ad2-4b18-ac71-3cc7aba89eaa,90777066-1c9c-42b2-af2a-8f2f96fca16d
335,da98a883-219b-4c9f-8e88-8bd49fe35704,ServingRelationship,,,1190ae3d-eeb4-4c35-baf8-7ff592440763,90777066-1c9c-42b2-af2a-8f2f96fca16d
336,8813e81f-33b7-46b7-a7ea-e4339bdde994,ServingRelationship,,,1190ae3d-eeb4-4c35-baf8-7ff592440763,507129a4-fd7f-4f36-9ce3-82dc6b9ad80a
337,e6b00e7d-83fe-423a-89ad-a1f9be984c83,ServingRelationship,,,e1956201-c52d-4c9f-aadc-7cd89767a147,d0cb4167-0f04-42cd-97a4-640579dfe12a
338,b5a87ab5-8911-4104-8fc6-58aa55533a3f,ServingRelationship,,,8eece279-1a3f-4030-8921-d51e8d37737f,d0cb4167-0f04-42cd-97a4-640579dfe12a
339,6b6ae27b-2cd8-4930-9fc4-5da92b2f8500,ServingRelationship,,,217ceca4-1b8a-4cb8-9f33-9ba8a4b5cc6d,d0cb4167-0f04-42cd-97a4-640579dfe12a
340,259077f9-7319-4b44-b7bf-7962a3cb2ed5,ServingRelationship,,,91f6f6b7-21eb-4e18-b5c2-942b5d9774d2,d0cb4167-0f04-42cd-97a4-640579dfe12a
341,ced3b63d-aea7-48be-b18d-603742899d9f,ServingRelationship,,,b5683977-2792-47f7-8e12-7538b91a4a08,d0cb4167-0f04-42cd-97a4-640579dfe12a
342,f2f76cc4-652e-412f-a4c2-c2df534d3e8c,ServingRelationship,,,a49a2d28-7502-4d0d-b43f-bb06bbcbd137,90777066-1c9c-42b2-af2a-8f2f96fca16d
343,e60e7851-7d6d-44a5-a63a-f539b4aab2b8,ServingRelationship,,,20b50f03-4206-46a1-803f-b0216b5d88fc,a304d1d2-cf62-4bcd-bd53-2b5905efadcf
344,5806bf26-b153-4729-9706-0ea35dce2442,ServingRelationship,,,05b0119c-55a5-4004-a64f-a2ca47d9fe4d,9f2f885b-c9c6-4ae8-af8f-675d076dfdaf
345,32e0a003-f964-4940-9148-4477e940f8e8,ServingRelationship,,,5a86dca2-fb80-42ac-8b17-5031cfc84978,5aa5d9c2-c4d4-490d-9271-e63e5a83fbc2
346,fc78b798-2faf-449c-817b-f515dbfa30df,ServingRelationship,,,507129a4-fd7f-4f36-9ce3-82dc6b9ad80a,985c123e-bd8f-46ce-b9ae-814db01d2232
347,79c6c963-752b-488a-906e-3548aed26900,ServingRelationship,,,3090c4e4-6129-4350-927c-017a60e0f165,f676a97a-afff-4329-bd24-2d92cae6dc15
348,ab3b501d-7dc6-4f35-80d3-e950cac0600c,ServingRelationship,,,eed98739-864b-4bdd-9d36-9ca7b062f7c0,7abc4fe7-c442-49ef-890c-31e3ed545153
349,5481731e-2f13-4820-8630-de0b88b1d623,ServingRelationship,,,05b0119c-55a5-4004-a64f-a2ca47d9fe4d,b68654c3-2750-4e46-8c06-b9eae744dd02
350,2186e169-2959-45c8-904d-8159fce1b607,ServingRelationship,,,05b0119c-55a5-4004-a64f-a2ca47d9fe4d,3e38b02a-ad0e-4624-a7b0-be7eb47b0042
351,4b55372a-e663-4de1-be4f-3065f2bd7692,ServingRelationship,,,b5e3f362-a2ea-4d9e-828e-54c78e3c8566,6fbbda4e-c38b-4f5a-abf4-bd4899169bc6
352,11bfb66a-f457-4599-b705-b9bac426bb5d,ServingRelationship,,,204b4635-2793-4885-8764-dbc8bfb36551,6cdb1346-44fc-4bb6-bff3-8cbdf348b463
353,49b4ccde-d8c9-4758-9b6f-370d07fdfeae,ServingRelationship,,,204b4635-2793-4885-8764-dbc8bfb36551,0bbd6bfa-02b0-42ae-b8e2-ec4695b8de30
354,41e4137a-1d6e-441b-8d64-0b2421884fcc,ServingRelationship,,,204b4635-2793-4885-8764-dbc8bfb36551,c094155e-c743-4bad-a58d-c35570adeef1
355,32e386ee-3065-4b29-bfc3-e78ba3f1b24f,ServingRelationship,,,e6382590-15f2-40b0-893a-e7e65163138d,6cdb1346-44fc-4bb6-bff3-8cbdf348b463
356,95e9cfd1-bd65-4c20-9f8b-769fbbffe217,ServingRelationship,,,e6382590-15f2-40b0-893a-e7e65163138d,0bbd6bfa-02b0-42ae-b8e2-ec4695b8de30
357,2656e917-46bd-4207-abed-0572dc028c72,ServingRelationship,,,e6382590-15f2-40b0-893a-e7e65163138d,c094155e-c743-4bad-a58d-c35570adeef1
358,f63da33e-d0e9-45ab-b0a9-4a74f12bdd4d,ServingRelationship,,,5d33fba3-6ba2-4f36-b63a-bc37ebdf3106,45c4e450-b825-45bd-89b7-564aea4db5c7
359,96ce9e01-06b5-450b-b001-96712146089b,ServingRelationship,,,6771d27b-3741-4674-a4a6-c1106ee7ce73,3dfb84f1-b5a8-48f1-9680-cb8008e99df2
360,134e83c6-b423-4f9d-8200-b028b41a4566,ServingRelationship,,,2bf4624e-4ead-42af-8797-fe7d30fb7fe7,3dfb84f1-b5a8-48f1-9680-cb8008e99df2
361,6b5d01de-bd21-4efa-aefd-d77889dc3561,ServingRelationship,,,43d89938-76ca-4a94-8910-3da81e01fe18,3dfb84f1-b5a8-48f1-9680-cb8008e99df2
362,007022d3-587c-4cde-9e6e-9d41d3c4a3c4,ServingRelationship,,,32860a23-533a-45eb-a1b9-2442e6dd05a3,3dfb84f1-b5a8-48f1-9680-cb8008e99df2
363,9fc9b53b-1db4-43cd-8e41-3df0be5c059e,ServingRelationship,,,64f3c8cf-407d-4fb0-be89-1a64883446bb,57189317-88c5-44b4-ac9c-a9536eba2046
364,f03b3ab7-7e37-44bb-86f4-2312e75c7573,ServingRelationship,,,96a33906-e42b-4a6a-929f-98897955dc81,64f3c8cf-407d-4fb0-be89-1a64883446bb
365,690e655c-9772-47bd-bcda-5b0aec96e0df,ServingRelationship,,,96a33906-e42b-4a6a-929f-98897955dc81,d03a8ebd-140e-40ba-aa64-ad66f7a07fa1
366,4c57317b-5413-4bfc-b0a0-e4c9241abc2a,ServingRelationship,,,57189317-88c5-44b4-ac9c-a9536eba2046,32ee0dd2-9367-4a6a-b532-143c8331670c
367,c19e0b4e-cfcb-4518-aa19-e12a40ff1af8,ServingRelationship,,,41e2216b-58f1-4e27-9252-dbd825d95f00,fe0b7582-33cb-4cad-a0bd-748c8058dffd
368,62723168-6cd8-464f-9247-9ee7d9c48bf7,ServingRelationship,,,f6b0272d-09fe-4307-ba43-d5d0725771ce,a3485b2d-86e2-4fa1-8d8b-4140131b737d
369,448c0a32-6c93-43a9-acb5-8efe70d2ea69,ServingRelationship,,,41e2216b-58f1-4e27-9252-dbd825d95f00,ed40cba8-2897-423c-90d4-8d437b7c8205
370,d7888917-a43e-4f7c-9d47-a7b3a02379b2,ServingRelationship,,,d3ae00fd-83ac-42a5-b5bd-016943e24b84,7fdb1621-351a-442c-8b6f-5df2721254b7
371,3cb8d705-5540-45a8-8b36-c2719f46666d,ServingRelationship,,,b3a069af-481b-4f13-9b69-c03a68e2bc50,50fa02fe-210d-455f-a1f4-84c75e7dad1e
372,bb234391-6f90-4a05-b81d-db15e341ae22,ServingRelationship,,,a304d1d2-cf62-4bcd-bd53-2b5905efadcf,4068489a-01e7-41b2-adb4-f72025ec1426
373,7136fb9c-b7ad-47f6-84e4-d86b14e18b26,ServingRelationship,,,3eae2fed-c3d5-4669-a129-ddb0aa8387dc,6fbbda4e-c38b-4f5a-abf4-bd4899169bc6
374,45abb8f6-edbe-4044-aea0-d149771257e5,ServingRelationship,,,eed98739-864b-4bdd-9d36-9ca7b062f7c0,ad565e34-1847-46c3-871b-456031f5bbff
375,1ca48791-1d27-48da-bebf-b987ddbb0562,ServingRelationship,,,eed98739-864b-4bdd-9d36-9ca7b062f7c0,e6382590-15f2-40b0-893a-e7e65163138d
376,3bfdf4e5-4970-45a4-91c1-21bcb3453e07,ServingRelationship,,,64f3c8cf-407d-4fb0-be89-1a64883446bb,0fa6708d-97d7-4ff0-a3a7-025b14dce01b
377,0129776c-2a21-4333-b726-b31b641d9a06,ServingRelationship,,,0fa6708d-97d7-4ff0-a3a7-025b14dce01b,57189317-88c5-44b4-ac9c-a9536eba2046
378,4b9c8abb-103a-42ee-9f51-0d3a303187fc,ServingRelationship,,,c10534e9-a59b-4fe2-ab02-1ab050f5ac11,f0d10b81-5d4c-4a75-a5f0-80f4277488dd
379,f38ea4f4-8ebd-4be3-88de-1dc036cfa152,ServingRelationship,,,b33d4cf9-dbdc-4338-94b7-13d78593a74d,b992135f-6c24-4b1a-8f77-840e3219ab97
380,b2c26aa1-07a9-475e-93a3-9053684f33e6,ServingRelationship,,,c8b78d52-dae4-4903-a762-0d626f8e1378,212dfcac-1e29-47a4-9041-2ce613b2f88f
381,068c2570-b262-412e-b772-1fe0a3c80a76,ServingRelationship,,,f0d10b81-5d4c-4a75-a5f0-80f4277488dd,6896ea22-bbc5-4c4a-9430-28f91f0746ba
382,371666e2-b7ac-4314-82ad-016c1f8ed47e,ServingRelationship,,,5a86dca2-fb80-42ac-8b17-5031cfc84978,985c123e-bd8f-46ce-b9ae-814db01d2232
383,64b67717-1899-415a-87e4-9205b1bdeff3,ServingRelationship,,,985c123e-bd8f-46ce-b9ae-814db01d2232,5a86dca2-fb80-42ac-8b17-5031cfc84978
384,de3827a8-15b0-4257-b82e-7ad5306cde43,ServingRelationship,,,985c123e-bd8f-46ce-b9ae-814db01d2232,507129a4-fd7f-4f36-9ce3-82dc6b9ad80a
385,527c252a-1e04-4d46-9bd7-183597b30ff1,ServingRelationship,,,5aa5d9c2-c4d4-490d-9271-e63e5a83fbc2,5a86dca2-fb80-42ac-8b17-5031cfc84978
386,ef4d0a57-9983-4edb-8fc3-7957fdd5897e,ServingRelationship,,,a304d1d2-cf62-4bcd-bd53-2b5905efadcf,20b50f03-4206-46a1-803f-b0216b5d88fc
387,abd89f9b-554b-4534-beb6-7a829804efcd,ServingRelationship,,,497d9131-7c6c-4b5c-95b8-96128335bc1f,6fbbda4e-c38b-4f5a-abf4-bd4899169bc6
388,25a993f4-ef97-45d8-bf84-e5001d09a875,ServingRelationship,,,90aa0ebf-8cba-44f5-a0f5-2db23f692d5f,7ca49493-9413-440b-b5fe-5d3b5dbc587c
389,21eb1110-ae05-4187-a596-d4d6996d2351,ServingRelationship,,,7ca49493-9413-440b-b5fe-5d3b5dbc587c,90aa0ebf-8cba-44f5-a0f5-2db23f692d5f
390,a3d37a35-ec9b-4fc4-9cdc-9cc4f3a36bcf,ServingRelationship,,,5d79c7d7-7eb2-4ab0-9000-83bcc57b684b,485e896b-8414-4b91-96a9-751ee778016f
391,794b372a-3b52-4798-9c0e-606cf0a62963,ServingRelationship,,,70d47c10-c729-4784-9c62-ae133bfa7c0b,135b8ed5-7dbe-459a-b75a-add2fe9b4512
392,59521fa8-b686-463e-b4f2-7f13e422972c,ServingRelationship,,,7b1de257-c00f-4f2c-a668-ecf6009dc5dc,135b8ed5-7dbe-459a-b75a-add2fe9b4512
393,eda4bd1d-3b6d-4ed5-8e8e-16a444107307,ServingRelationship,,,7ca49493-9413-440b-b5fe-5d3b5dbc587c,135b8ed5-7dbe-459a-b75a-add2fe9b4512
394,bd5938e6-4e14-4e1b-a496-8bf67ad35ec5,ServingRelationship,,,e0ce1fff-ad3c-4323-b29a-fdca1ef8606d,b7302a41-253f-48ad-986d-b808ebfb73b9
395,46d09bfe-7204-4191-9e79-315143d0b295,ServingRelationship,,,7b1de257-c00f-4f2c-a668-ecf6009dc5dc,b7302a41-253f-48ad-986d-b808ebfb73b9
396,278759eb-ef25-46e0-bb29-a826d88ca066,ServingRelationship,,,7ca49493-9413-440b-b5fe-5d3b5dbc587c,b7302a41-253f-48ad-986d-b808ebfb73b9
397,7ded1e72-6882-4bdc-af21-d0b46de70ae0,ServingRelationship,,,dac945c8-53cc-4f66-8e25-8cd314f164dc,82eafd5d-49e8-426d-ab50-c0eca92a3c1c
398,5e0df167-3551-4f93-9c6b-1a5820c0efec,ServingRelationship,,,5da37bf8-3d97-4ced-ba0b-fac6f634bda7,b0fca066-784f-440d-94dd-c1fa52266fea
399,c403b580-207a-439a-991b-21d265c92089,ServingRelationship,,,b733f5ef-2f14-4c60-8ebf-aa8f688b23e0,45ae4cf6-bdf0-4688-8625-56a1287f1c40
400,a7bb924c-8d33-43ec-8091-cb99708530b9,ServingRelationship,,,efad7de1-0b7e-4e5e-99a8-e5cd3e882401,9f2f885b-c9c6-4ae8-af8f-675d076dfdaf
401,f6755df6-8b8f-40d7-8f2e-faabe9471ec7,ServingRelationship,,,9d569c41-4486-44b8-b634-755e70267cfc,b68654c3-2750-4e46-8c06-b9eae744dd02
402,a81ae1d6-f98b-4a95-8cb5-a6a300b6d974,ServingRelationship,,,4fcff906-0060-4a83-bcc6-ad3666c70abc,710bafba-d906-4e72-b9bb-92ccff1a5eb7
403,8963b88d-c52c-48b6-b101-f9afc980c82f,ServingRelationship,,,3090c4e4-6129-4350-927c-017a60e0f165,a2cf134d-ffc8-4ec0-86aa-8bf205d461dd
404,10d215d2-1eed-4053-88f9-c75b33a842f3,TriggeringRelationship,,,cefdfa98-dee9-4ff2-80bb-ba2f9a1fab74,5a86dca2-fb80-42ac-8b17-5031cfc84978
405,b8435662-a670-4b26-99ea-2b485771aca4,TriggeringRelationship,,,cefdfa98-dee9-4ff2-80bb-ba2f9a1fab74,507129a4-fd7f-4f36-9ce3-82dc6b9ad80a
406,990d4169-a799-4170-8082-f4abeae780cf,TriggeringRelationship,,,aea1da8f-4a43-4d23-b33a-5e07fc32d5f1,135b8ed5-7dbe-459a-b75a-add2fe9b4512
407,a70bbc61-3ef9-45b6-907b-5ba38c34ef03,TriggeringRelationship,,,2a17a682-fd16-4fea-964c-bafdbaef0138,df6bdf86-6a91-41d5-9361-8d9797becd90
408,482ac780-e878-4614-9f76-07c8ccc0cd0d,TriggeringRelationship,,,df6bdf86-6a91-41d5-9361-8d9797becd90,4068489a-01e7-41b2-adb4-f72025ec1426
409,c7247fd2-0feb-42a5-b120-dffa126d8d54,TriggeringRelationship,,,4068489a-01e7-41b2-adb4-f72025ec1426,b960773e-686b-43ea-b69b-dd299ed8c4aa
410,5f0f0d55-7717-42fc-94c5-ffdf6e30c9bc,TriggeringRelationship,,,212dfcac-1e29-47a4-9041-2ce613b2f88f,6896ea22-bbc5-4c4a-9430-28f91f0746ba
411,424a5a15-af41-4986-b90a-217917e5e6fe,TriggeringRelationship,,,82eafd5d-49e8-426d-ab50-c0eca92a3c1c,b7302a41-253f-48ad-986d-b808ebfb73b9
412,4012713f-82cc-4f01-82f9-00f983f3b227,TriggeringRelationship,,,b0fca066-784f-440d-94dd-c1fa52266fea,6fbbda4e-c38b-4f5a-abf4-bd4899169bc6
